CustomerID,Age,MonthlyIncome,MonthlySpend,VisitsPerMonth,Diapers,Beer,Bread,Milk,Chips,Cola
C001,50,35,10,2,No,No,Yes,Yes,Yes,No
C002,22,51,20,3,Yes,Yes,No,Yes,No,No
C003,48,50,14,3,Yes,No,Yes,Yes,No,No
C004,40,29,11,2,No,No,No,No,No,No
C005,64,31,13,2,No,No,No,Yes,Yes,Yes
C006,60,29,6,1,No,No,No,No,No,No
C007,22,42,14,1,No,No,No,Yes,Yes,Yes
C008,62,34,9,1,No,No,No,No,No,No
C009,28,44,15,1,No,Yes,Yes,Yes,No,No
C010,36,13,8,1,No,No,Yes,Yes,No,No
C011,44,54,23,2,No,No,No,Yes,No,Yes
C012,60,34,8,2,No,No,No,No,No,No
C013,35,43,13,3,No,No,No,No,Yes,Yes
C014,62,33,13,2,No,No,Yes,Yes,No,No
C015,33,30,14,2,Yes,No,Yes,Yes,No,Yes
C016,38,41,15,2,No,No,Yes,Yes,No,No
C017,62,45,14,1,Yes,Yes,Yes,Yes,No,No
C018,54,33,12,1,Yes,Yes,Yes,Yes,No,No
C019,51,33,11,1,No,Yes,No,No,Yes,No
C020,36,43,14,2,No,No,Yes,Yes,No,No
C021,20,25,7,1,No,No,No,No,Yes,No
C022,27,17,7,2,No,Yes,Yes,Yes,No,No
C023,34,40,14,1,No,Yes,Yes,Yes,No,No
C024,46,27,9,2,Yes,Yes,Yes,Yes,Yes,Yes
C025,60,12,4,1,Yes,Yes,No,Yes,No,No
C026,23,25,6,1,No,No,Yes,Yes,No,No
C027,22,29,9,1,No,No,Yes,Yes,Yes,Yes
C028,50,21,10,1,No,No,No,No,Yes,No
C029,31,17,5,1,No,No,Yes,Yes,Yes,Yes
C030,57,35,9,1,No,No,No,No,No,No
C031,46,46,19,1,Yes,Yes,Yes,No,Yes,Yes
C032,62,32,12,1,Yes,Yes,No,Yes,Yes,No
C033,40,26,13,3,No,Yes,Yes,Yes,No,No
C034,40,40,14,2,Yes,Yes,Yes,Yes,No,No
C035,55,44,14,1,Yes,Yes,No,Yes,Yes,Yes
C036,25,31,7,1,Yes,Yes,No,No,No,No
C037,29,42,17,1,No,No,No,Yes,Yes,No
C038,61,48,22,5,No,No,No,No,No,No
C039,26,33,9,1,No,No,No,No,Yes,Yes
C040,60,25,7,2,No,No,No,Yes,No,No
C041,52,39,15,3,No,No,No,No,Yes,Yes
C042,64,38,11,1,Yes,No,Yes,Yes,Yes,No
C043,32,48,16,2,No,Yes,No,Yes,No,No
C044,47,20,6,2,Yes,Yes,Yes,Yes,No,No
C045,21,27,10,2,No,No,Yes,Yes,No,No
C046,50,25,11,2,No,No,Yes,Yes,No,Yes
C047,22,14,5,2,No,No,Yes,Yes,Yes,Yes
C048,37,37,15,2,Yes,No,Yes,No,Yes,No
C049,34,41,13,2,No,No,Yes,Yes,Yes,Yes
C050,28,26,10,1,No,No,No,No,Yes,Yes
C051,44,52,13,3,No,No,No,No,No,No
C052,33,45,12,1,No,No,No,No,No,No
C053,24,43,16,3,No,No,No,No,Yes,Yes
C054,53,40,12,1,No,No,No,Yes,Yes,Yes
C055,28,46,17,1,No,No,No,Yes,No,No
C056,34,19,8,2,Yes,Yes,No,Yes,Yes,Yes
C057,34,42,17,4,No,Yes,No,Yes,No,No
C058,51,42,16,3,No,No,Yes,Yes,No,No
C059,53,14,7,1,No,No,Yes,Yes,No,No
C060,43,39,13,3,No,No,No,No,Yes,Yes
C061,23,32,9,1,No,No,Yes,Yes,Yes,Yes
C062,40,44,13,2,Yes,Yes,No,No,No,No
C063,52,30,9,1,Yes,Yes,Yes,Yes,Yes,No
C064,64,35,9,1,Yes,Yes,Yes,Yes,No,Yes
C065,64,39,12,2,No,No,No,Yes,No,No
C066,27,24,8,1,No,No,Yes,No,No,No
C067,31,42,15,1,No,Yes,Yes,Yes,Yes,Yes
C068,42,34,11,1,No,No,Yes,No,Yes,Yes
C069,31,41,10,1,No,No,Yes,No,No,Yes
C070,27,29,10,1,Yes,No,Yes,Yes,Yes,Yes
C071,30,48,17,3,No,No,No,No,No,No
C072,63,42,17,4,Yes,Yes,Yes,Yes,No,No
C073,52,33,12,2,Yes,Yes,Yes,Yes,Yes,Yes
C074,42,43,13,3,No,No,No,Yes,No,No
C075,45,50,15,2,No,No,No,Yes,No,No
C076,35,56,23,1,No,No,Yes,Yes,No,Yes
C077,45,16,7,1,Yes,No,Yes,Yes,Yes,Yes
C078,27,46,20,3,No,No,Yes,Yes,Yes,Yes
C079,22,41,19,2,Yes,No,Yes,No,No,No
C080,47,34,10,2,Yes,Yes,Yes,Yes,No,No
